sujeto,tarea,mu_C3,mu_C4,beta_C3,beta_C4
sub-001,Izquierda_Real,3.329076200599577e-11,2.3219729257817292e-11,1.1722041318010677e-11,9.324419620726062e-12
sub-001,Derecha_Real,3.982709430637472e-11,2.8753441357010707e-11,1.141448661171362e-11,9.45342463825947e-12
sub-001,Izquierda_Imaginería,3.008142942233156e-11,1.9019566115330427e-11,1.0041053467407147e-11,7.477993453191303e-12
sub-001,Derecha_Imaginería,3.0314949268909874e-11,2.2233321808378075e-11,1.001947074218287e-11,8.16739922660425e-12
sub-002,Izquierda_Real,9.915368212319133e-12,7.428562636296538e-12,6.932007442342691e-12,3.040241293708403e-12
sub-002,Derecha_Real,1.0435884166448775e-11,9.25868869408038e-12,5.69118143688946e-12,4.007796668660393e-12
sub-002,Izquierda_Imaginería,1.1204030597955467e-11,8.865947137856083e-12,3.857014185222355e-12,3.1139854244265953e-12
sub-002,Derecha_Imaginería,9.162450803159244e-12,8.033266199067296e-12,4.1788501991652825e-12,3.3250135292825226e-12
sub-003,Izquierda_Real,3.82466571902212e-11,3.926616000353472e-11,8.95037528574517e-12,8.93472291756223e-12
sub-003,Derecha_Real,3.8700929883922804e-11,3.5144378466906926e-11,8.969046213154627e-12,8.579317588171409e-12
sub-003,Izquierda_Imaginería,3.5620704394149734e-11,3.463400474751188e-11,1.4146857552417989e-11,1.2610393821316508e-11
sub-003,Derecha_Imaginería,4.156989343136706e-11,3.166158717734874e-11,1.2893315141088143e-11,1.1991073635698015e-11
sub-004,Izquierda_Real,3.997490378388464e-12,3.011645413759893e-12,1.829912325190516e-12,1.2941109797247266e-12
sub-004,Derecha_Real,3.555517353601074e-12,2.9947314309660096e-12,1.8549225181930328e-12,1.5176693929942877e-12
sub-004,Izquierda_Imaginería,4.117381976130163e-12,3.166086429907239e-12,2.368437126130001e-12,2.1537471212346845e-12
sub-004,Derecha_Imaginería,3.8730799774812505e-12,3.6570393473600534e-12,2.0735772134037717e-12,2.3070965958831582e-12
sub-005,Izquierda_Real,6.230996028902437e-12,5.04992249870606e-12,2.1196822236627375e-12,1.747354835951423e-12
sub-005,Derecha_Real,5.4009212472871924e-12,4.561086372125978e-12,2.0137000553650626e-12,2.032190983813217e-12
sub-005,Izquierda_Imaginería,7.685865696019813e-12,5.495044021885862e-12,2.1205957778260986e-12,1.934880853620918e-12
sub-005,Derecha_Imaginería,7.548753210850269e-12,6.334913981997543e-12,1.8582177633364178e-12,1.7423185353580042e-12
sub-006,Izquierda_Real,4.678255138212105e-12,3.856622431614673e-12,5.671364729982877e-12,3.756189708224203e-12
sub-006,Derecha_Real,4.845476871484056e-12,4.058171922661832e-12,7.688385061872171e-12,5.721561144007901e-12
sub-006,Izquierda_Imaginería,4.5419535278182816e-12,3.9676704832386766e-12,4.549009617891919e-12,3.1979723155923764e-12
sub-006,Derecha_Imaginería,4.098997764900135e-12,3.016841481511464e-12,4.331635492920374e-12,3.4967393991678264e-12
sub-007,Izquierda_Real,3.394547460766182e-11,2.360132259939079e-11,4.4061695361945e-12,2.5857198697365495e-12
sub-007,Derecha_Real,3.2169800603923426e-11,2.981985351738961e-11,3.70515170316553e-12,3.5922277972936184e-12
sub-007,Izquierda_Imaginería,3.948576503859844e-11,2.705213362713809e-11,4.210897631568251e-12,2.80482385554997e-12
sub-007,Derecha_Imaginería,4.410741967713508e-11,4.376390663427266e-11,3.840025904629116e-12,3.508284446936597e-12
sub-008,Izquierda_Real,1.3866809102280562e-11,1.4208245582194506e-11,1.9919240758336916e-12,1.744959795021376e-12
sub-008,Derecha_Real,1.2755587561767843e-11,1.2100107783432989e-11,2.1641407218025007e-12,2.000358355051491e-12
sub-008,Izquierda_Imaginería,1.2204800483434544e-11,1.2791022328496214e-11,2.2012427877949024e-12,1.859350767294177e-12
sub-008,Derecha_Imaginería,1.2889803341331882e-11,1.4109122274057815e-11,2.2359856783277023e-12,1.9573388446774526e-12
sub-009,Izquierda_Real,2.9993304762595596e-11,2.6115885424413666e-11,1.6573122452732244e-11,2.0851008465917546e-11
sub-009,Derecha_Real,2.5493489742810124e-11,2.2136401759594484e-11,1.818169102318737e-11,2.267880222757867e-11
sub-009,Izquierda_Imaginería,2.5692409121569754e-11,2.309806021440461e-11,1.5740227866375235e-11,1.8936776697205172e-11
sub-009,Derecha_Imaginería,3.450905199695496e-11,2.984479772405395e-11,1.6226010687941157e-11,1.9792636053309635e-11
sub-010,Izquierda_Real,3.4753206762223746e-11,3.267071886910264e-11,1.0431977015917379e-11,8.112303536147381e-12
sub-010,Derecha_Real,3.175113983022524e-11,4.109347820808962e-11,1.125119844210161e-11,8.552637054876943e-12
sub-010,Izquierda_Imaginería,4.010484462636502e-11,3.2898843710671475e-11,9.991260764126187e-12,7.694131269519858e-12
sub-010,Derecha_Imaginería,3.1713908528536035e-11,3.2811682993388814e-11,9.584809422545035e-12,7.982188395137496e-12
sub-011,Izquierda_Real,3.830042156401002e-12,2.9739363608699066e-12,2.1993741173600247e-12,1.8101378638691127e-12
sub-011,Derecha_Real,3.5792638353947454e-12,3.275910614612706e-12,2.110398224121487e-12,1.744761824588467e-12
sub-011,Izquierda_Imaginería,3.782668398063342e-12,3.237041914455642e-12,1.5526603962176e-12,1.3154149789790057e-12
sub-011,Derecha_Imaginería,3.302209011659887e-12,3.377486546438784e-12,1.6497180118529616e-12,1.3953905026324577e-12
sub-012,Izquierda_Real,6.852218920646699e-12,5.951471533863104e-12,2.466243709134613e-12,1.8097699746524711e-12
sub-012,Derecha_Real,8.015077925170551e-12,8.136175076787736e-12,2.1877785647671346e-12,1.6605047277979656e-12
sub-012,Izquierda_Imaginería,6.738361985572042e-12,6.348769842452446e-12,2.5860817925981238e-12,1.7103727727135862e-12
sub-012,Derecha_Imaginería,6.62134977122272e-12,6.949972385990474e-12,2.233580474547836e-12,2.0089431427185277e-12
sub-013,Izquierda_Real,5.5869328259106155e-11,2.6023421601210755e-11,3.032008974426548e-11,1.6000771893124668e-11
sub-013,Derecha_Real,4.7762122506673285e-11,3.526456833069463e-11,2.5842059037712764e-11,1.6819797744741617e-11
sub-013,Izquierda_Imaginería,4.5790388475705265e-11,3.18810142834209e-11,2.532910929494029e-11,1.6644732097842194e-11
sub-013,Derecha_Imaginería,3.276171801412273e-11,2.3439784001421364e-11,2.0603207835074544e-11,1.746876565895593e-11
sub-014,Izquierda_Real,2.7047358268054136e-11,2.2350112755435344e-11,4.351777245124787e-12,3.657862360980636e-12
sub-014,Derecha_Real,3.445286609882168e-11,2.2416137932124937e-11,4.367365949056886e-12,3.849186092515368e-12
sub-014,Izquierda_Imaginería,4.216666794839072e-11,3.062191978996832e-11,4.943767784222333e-12,4.1796210048019116e-12
sub-014,Derecha_Imaginería,4.61972449954746e-11,3.918618999166263e-11,4.962150745515846e-12,4.07378145071522e-12
sub-015,Izquierda_Real,5.344286760016254e-11,3.757883962689995e-11,3.0147551536621185e-11,2.1949202939593974e-11
sub-015,Derecha_Real,6.011729647095055e-11,5.0927335956913764e-11,3.0612486200131275e-11,2.2788591880558917e-11
sub-015,Izquierda_Imaginería,6.039174335571825e-11,4.2561815307349096e-11,2.410439271696826e-11,1.6760827378705956e-11
sub-015,Derecha_Imaginería,5.199518076042313e-11,4.207278545698291e-11,2.477722247804211e-11,1.926396670023633e-11
sub-016,Izquierda_Real,1.4333394949831803e-11,1.1535579806398073e-11,3.618100352443635e-12,2.9171544203298454e-12
sub-016,Derecha_Real,1.6537464769570502e-11,1.4074050984420373e-11,3.3845135754709664e-12,3.097166104901252e-12
sub-016,Izquierda_Imaginería,2.111342165937652e-11,1.807845720776568e-11,3.6261384384603006e-12,3.3076633526422043e-12
sub-016,Derecha_Imaginería,1.6186308026351385e-11,1.2758574080613774e-11,3.474352710700184e-12,3.095299550034874e-12
sub-017,Izquierda_Real,3.8540936583513484e-11,3.076740822754317e-11,1.9188883526809507e-11,1.572218352940718e-11
sub-017,Derecha_Real,2.98595050652115e-11,3.024683496116323e-11,1.684204275342915e-11,1.413663633216518e-11
sub-017,Izquierda_Imaginería,5.291652271713785e-11,3.608650897070558e-11,3.039221359331087e-11,1.827212413581507e-11
sub-017,Derecha_Imaginería,4.7997655653041024e-11,3.801259710508531e-11,2.766922310584207e-11,1.800696074407807e-11
sub-018,Izquierda_Real,1.5576688003880318e-12,1.2785557178583172e-12,8.132520437798942e-13,7.526505000847811e-13
sub-018,Derecha_Real,1.644674522210222e-12,1.4158431109147638e-12,9.478776238992183e-13,8.884889537712694e-13
sub-018,Izquierda_Imaginería,1.3796171778517875e-12,1.2875320790606398e-12,8.118207605639059e-13,8.649950160874603e-13
sub-018,Derecha_Imaginería,1.3386846500361449e-12,1.274914928757764e-12,8.144165600856706e-13,8.275685296864339e-13
sub-019,Izquierda_Real,2.993756431790572e-11,1.5794012871054825e-11,1.118747248109917e-11,8.25428176253738e-12
sub-019,Derecha_Real,3.084923583207813e-11,1.9512963192336573e-11,8.489832070959296e-12,8.940414037604823e-12
sub-019,Izquierda_Imaginería,2.6984902718084494e-11,1.6961082648744426e-11,1.0909613700521377e-11,9.489944378502025e-12
sub-019,Derecha_Imaginería,3.243167159913141e-11,2.046731810133898e-11,1.0194884211676908e-11,9.836792774198064e-12
sub-020,Izquierda_Real,2.0526301609653554e-12,1.3135685779457564e-12,5.261911180802889e-13,3.3775244428508336e-13
sub-020,Derecha_Real,1.3713764553010321e-12,9.473662483150267e-13,5.503886477089887e-13,3.6848209637190905e-13
sub-020,Izquierda_Imaginería,1.801743503229588e-12,1.2592074116620892e-12,5.615330325351384e-13,3.873401218039559e-13
sub-020,Derecha_Imaginería,1.9023276099822135e-12,1.447587395179762e-12,4.547653374325726e-13,3.4179271079553467e-13
sub-021,Izquierda_Real,1.2013210422442372e-11,8.399535828683283e-12,4.287651825787698e-12,2.9434777145666875e-12
sub-021,Derecha_Real,9.01128435031565e-12,6.9055910768495464e-12,3.863471867084604e-12,3.1612144747739464e-12
sub-021,Izquierda_Imaginería,1.2014502101784941e-11,8.124867329106022e-12,4.715605711108057e-12,3.169583036017809e-12
sub-021,Derecha_Imaginería,1.0558358319886775e-11,8.61265721382002e-12,4.389736436045569e-12,3.627281018366295e-12
sub-022,Izquierda_Real,2.3705545086636117e-11,2.499655078412855e-11,1.1130555697057895e-11,1.0606476882889801e-11
sub-022,Derecha_Real,2.692999163703414e-11,2.836819272567094e-11,1.0745948968673839e-11,1.198172881409831e-11
sub-022,Izquierda_Imaginería,2.968896567241926e-11,2.965067516429226e-11,1.0879930833401388e-11,1.0311599486822297e-11
sub-022,Derecha_Imaginería,3.032030713848933e-11,3.416289648481301e-11,1.0654016627557716e-11,1.1359648997215414e-11
sub-023,Izquierda_Real,4.418061012078222e-11,3.3414552474793124e-11,1.7737741956998657e-11,1.413256176618174e-11
sub-023,Derecha_Real,4.4463513739474354e-11,3.2642029351952405e-11,1.7752992310689638e-11,1.4707540931562054e-11
sub-023,Izquierda_Imaginería,4.116215524440911e-11,3.1496695190247094e-11,1.5064119121187347e-11,1.411916751901953e-11
sub-023,Derecha_Imaginería,5.965091809735295e-11,5.889871205363774e-11,1.595994455001244e-11,1.4481513144033978e-11
sub-024,Izquierda_Real,6.477198597646567e-12,4.868277671113086e-12,6.038030007618487e-12,7.31547488476792e-12
sub-024,Derecha_Real,6.876567912991402e-12,6.100439668892535e-12,5.941902841842092e-12,6.888474244125433e-12
sub-024,Izquierda_Imaginería,9.230632018594934e-12,7.610060668862336e-12,1.2086687976582345e-11,1.044832809322398e-11
sub-024,Derecha_Imaginería,8.03836455510736e-12,6.982532133614439e-12,1.1546303377980829e-11,1.0540025152096576e-11
sub-025,Izquierda_Real,5.337140110900757e-12,5.9742989932910886e-12,1.9051186150034987e-12,1.7084204454403759e-12
sub-025,Derecha_Real,4.939416350534778e-12,5.568054125708246e-12,1.746886091741039e-12,1.6704242446118023e-12
sub-025,Izquierda_Imaginería,6.23273694842674e-12,6.03294775651472e-12,2.2802327970042724e-12,2.164036845360418e-12
sub-025,Derecha_Imaginería,6.9631553183538915e-12,7.564033413984237e-12,2.4560839830364664e-12,2.1702684837081808e-12
sub-026,Izquierda_Real,2.1762094286071114e-12,1.6135221255935417e-12,1.2384716333491998e-12,1.0577778075936183e-12
sub-026,Derecha_Real,2.788665034018565e-12,2.1454911835628496e-12,1.145199318683025e-12,1.0592972787928626e-12
sub-026,Izquierda_Imaginería,2.6073490165634553e-12,2.0971870932242334e-12,1.1955638361862568e-12,1.5338297580001415e-12
sub-026,Derecha_Imaginería,2.6454867787152082e-12,2.4254509902735973e-12,1.0531999129513346e-12,1.5805243521164873e-12
sub-027,Izquierda_Real,3.532880508145533e-11,2.6603341986897877e-11,8.448865037359652e-12,1.2726760395049311e-11
sub-027,Derecha_Real,3.008537680977298e-11,2.091838158399464e-11,9.06068725949409e-12,1.5229611909771812e-11
sub-027,Izquierda_Imaginería,3.7574791570791056e-11,2.8145078738713475e-11,8.69778951002212e-12,7.535667184375336e-12
sub-027,Derecha_Imaginería,5.022320844559417e-11,2.959608076452683e-11,7.29599608120709e-12,7.117903221168542e-12
sub-028,Izquierda_Real,6.500012666531409e-11,4.4679361115607564e-11,1.0407743985596271e-11,6.236850716141671e-12
sub-028,Derecha_Real,7.014424791863156e-11,5.949230892846494e-11,8.97877483242805e-12,6.41571919692496e-12
sub-028,Izquierda_Imaginería,8.638788800652664e-11,7.186880700356319e-11,1.0700250817219613e-11,7.980706385120152e-12
sub-028,Derecha_Imaginería,8.4351173237209e-11,7.26364814131965e-11,1.0322099836789767e-11,7.809991746464955e-12
sub-029,Izquierda_Real,5.866416046926106e-12,4.090721565045055e-12,8.386544698694784e-13,7.3088277054071e-13
sub-029,Derecha_Real,5.2987108830028555e-12,4.54247363137327e-12,7.913785372258737e-13,7.713660805899707e-13
sub-029,Izquierda_Imaginería,9.513626792261101e-12,6.5701083499362926e-12,1.1528595121369034e-12,8.945589281512193e-13
sub-029,Derecha_Imaginería,1.0166054729674155e-11,9.970388860584877e-12,1.0704358050974765e-12,1.2496207418312513e-12
sub-030,Izquierda_Real,2.8437699009356064e-12,2.1144135295674273e-12,8.387963674352808e-13,6.441919100755098e-13
sub-030,Derecha_Real,2.676889852104866e-12,2.2383468407102753e-12,8.875376684334767e-13,6.116355701056662e-13
sub-030,Izquierda_Imaginería,3.310560630182886e-12,2.587351843067495e-12,6.985587785203393e-13,5.607465096301573e-13
sub-030,Derecha_Imaginería,3.500433578431752e-12,2.841076806846851e-12,8.061173011647514e-13,7.782722280109994e-13
sub-031,Izquierda_Real,4.974765776761837e-11,3.913029768747233e-11,7.535792073776983e-12,5.941857200749784e-12
sub-031,Derecha_Real,4.8951265773125325e-11,4.790106327011014e-11,8.24915203424234e-12,6.341224990329053e-12
sub-031,Izquierda_Imaginería,7.116104972832673e-11,4.8218736337385184e-11,8.824273449230974e-12,6.68764369067123e-12
sub-031,Derecha_Imaginería,4.993256127463021e-11,5.046160633646045e-11,8.429254790479744e-12,6.498407313983706e-12
sub-032,Izquierda_Real,5.263831163383192e-11,5.6304311230845426e-11,1.1161826039246472e-11,1.1023605071000508e-11
sub-032,Derecha_Real,3.369254379817909e-11,3.526677042674987e-11,8.349697689264122e-12,1.0799799630774973e-11
sub-032,Izquierda_Imaginería,1.8921591265241753e-11,1.8749983073986892e-11,8.579827714444562e-12,9.480498624015681e-12
sub-032,Derecha_Imaginería,1.7571035426329996e-11,1.873664543928835e-11,8.545142313942093e-12,1.1856955132649237e-11
sub-033,Izquierda_Real,5.1453905572028695e-12,4.482068313877206e-12,2.3517906852282995e-12,1.78907831902742e-12
sub-033,Derecha_Real,5.272335136018978e-12,4.1345188542185724e-12,2.298914448134266e-12,2.0542230332216347e-12
sub-033,Izquierda_Imaginería,1.9260792110224106e-11,4.0996795365352646e-12,3.447364884675471e-12,2.582960464872768e-12
sub-033,Derecha_Imaginería,6.568848060436899e-12,1.0215559028632968e-11,3.1111994781034266e-12,3.3698561896922223e-12
sub-034,Izquierda_Real,4.299318143959454e-12,3.833589447170023e-12,5.598368561048888e-13,3.821869111603485e-13
sub-034,Derecha_Real,3.695839079299728e-12,4.323428719469409e-12,5.781051794763302e-13,4.335509019203165e-13
sub-034,Izquierda_Imaginería,6.135138234470178e-12,3.4242669532214627e-12,6.376599232531656e-13,4.213349242004176e-13
sub-034,Derecha_Imaginería,6.0859750874125825e-12,1.0169897594803632e-11,6.28488415596167e-13,5.12623494242744e-13
sub-035,Izquierda_Real,1.2099050729491613e-11,1.0429726340738401e-11,1.517364033053473e-12,1.3640954473924109e-12
sub-035,Derecha_Real,9.158384726624262e-12,1.1275259687472733e-11,1.6601171172416363e-12,1.7859089754575105e-12
sub-035,Izquierda_Imaginería,9.626629283462268e-12,8.493967131442898e-12,1.4268114097498741e-12,1.3589706001362832e-12
sub-035,Derecha_Imaginería,1.1569337996355246e-11,1.0933855962894178e-11,1.3494753616563123e-12,1.4870959422688086e-12
sub-036,Izquierda_Real,1.0550837733799799e-10,7.316465245988101e-11,2.7627957381067315e-11,2.3205631561029937e-11
sub-036,Derecha_Real,9.757572655253534e-11,8.405608943641677e-11,3.0664346911388066e-11,2.6583290411264103e-11
sub-036,Izquierda_Imaginería,9.486477836910784e-11,6.883124408480849e-11,2.6213861653173825e-11,2.052574177664642e-11
sub-036,Derecha_Imaginería,8.632819712956936e-11,6.090470057479026e-11,2.644795766472925e-11,2.1198708090776974e-11
sub-037,Izquierda_Real,1.4024863468715808e-12,1.1265290665007949e-12,9.57643506830979e-13,8.10010834517669e-13
sub-037,Derecha_Real,1.2511532361508523e-12,1.0400225341025017e-12,8.473382645052462e-13,6.935616825186136e-13
sub-037,Izquierda_Imaginería,1.5454072627418984e-12,1.153613996531002e-12,1.3874157165571158e-12,1.018568333493655e-12
sub-037,Derecha_Imaginería,1.341395914846741e-12,1.1917114282988845e-12,1.3048572681645231e-12,9.230099198075574e-13
sub-038,Izquierda_Real,2.4360441263258734e-11,1.5510143018131972e-11,7.944773362293665e-12,4.707572154980218e-12
sub-038,Derecha_Real,2.683505947642545e-11,1.819197053214457e-11,7.70479336905019e-12,4.324674277109693e-12
sub-038,Izquierda_Imaginería,2.511896641914094e-11,1.4898155234494346e-11,8.202830820997312e-12,4.7881509894321684e-12
sub-038,Derecha_Imaginería,2.4971050032803234e-11,1.4808318321210908e-11,7.798742151674523e-12,4.337344035575002e-12
sub-039,Izquierda_Real,4.923873641307331e-11,4.829671317503517e-11,1.596764674593883e-11,1.3416299031825693e-11
sub-039,Derecha_Real,4.6699016150920264e-11,5.422418327117014e-11,1.4009535232159243e-11,1.5591394396033273e-11
sub-039,Izquierda_Imaginería,5.306010593137356e-11,6.540491001625294e-11,1.406535877543451e-11,1.6192665278557945e-11
sub-039,Derecha_Imaginería,5.0938127744265713e-11,6.241202719599235e-11,1.5620049479609736e-11,1.724516946547442e-11
sub-040,Izquierda_Real,1.070950429108995e-11,1.0113362306161769e-11,4.25380409488842e-12,3.788135344708462e-12
sub-040,Derecha_Real,9.843046566475326e-12,9.763396418460417e-12,3.8943514064049195e-12,3.935457813891246e-12
sub-040,Izquierda_Imaginería,1.3459136352272894e-11,1.1836195803177594e-11,4.257161563730609e-12,3.638182291913358e-12
sub-040,Derecha_Imaginería,1.446191659285931e-11,1.0987200904974343e-11,4.0236932517521265e-12,3.946041205037349e-12
sub-041,Izquierda_Real,2.6686656971562776e-12,2.0820944525633328e-12,7.060783247679099e-13,5.619485402919626e-13
sub-041,Derecha_Real,2.6161078674843794e-12,1.8167200256944593e-12,7.193382666010397e-13,6.808003369395479e-13
sub-041,Izquierda_Imaginería,2.4770581490367305e-12,1.6846776391441732e-12,8.555547260759831e-13,6.821125754019207e-13
sub-041,Derecha_Imaginería,2.397749006245196e-12,1.800136758505645e-12,7.521162199547814e-13,6.932211522989526e-13
sub-042,Izquierda_Real,8.34817986174388e-12,5.904723411419397e-12,1.2434633090981476e-12,9.108244201020339e-13
sub-042,Derecha_Real,5.651624256142828e-12,5.305049561915475e-12,9.206078135909943e-13,1.3155973094915627e-12
sub-042,Izquierda_Imaginería,1.5778722925619692e-11,7.78645477062373e-12,1.8692516883267457e-12,1.3278950629126543e-12
sub-042,Derecha_Imaginería,9.30713486153661e-12,7.74408765836589e-12,1.5366402209061252e-12,2.272074125816185e-12
sub-043,Izquierda_Real,2.8357348749030127e-11,2.2017152234758025e-11,9.748714262605111e-12,8.272563572816536e-12
sub-043,Derecha_Real,2.613170054425196e-11,1.9891196672287803e-11,9.124430993554552e-12,8.202750049198981e-12
sub-043,Izquierda_Imaginería,3.0418996749983515e-11,2.0135325671082103e-11,1.1794568678073938e-11,9.014123329438727e-12
sub-043,Derecha_Imaginería,2.536341692878223e-11,2.330918748382962e-11,9.098586251325191e-12,8.379078268126143e-12
sub-044,Izquierda_Real,1.4320512951297377e-10,1.3532963251055452e-10,1.2508059796670799e-11,9.476712528846995e-12
sub-044,Derecha_Real,1.4934864928218757e-10,1.859794055610404e-10,1.3916717797735263e-11,1.228686528598265e-11
sub-044,Izquierda_Imaginería,1.6357804066678672e-10,1.4934621469201786e-10,1.3439802942045413e-11,1.1573963005702496e-11
sub-044,Derecha_Imaginería,1.457387382958665e-10,1.584888252308814e-10,1.0846881774585549e-11,1.1538664832739711e-11
sub-045,Izquierda_Real,5.7489340774634e-11,3.6718287793962245e-11,1.469363959091243e-11,1.1057048074456513e-11
sub-045,Derecha_Real,5.895752999784015e-11,3.613848157574787e-11,1.5108595328179488e-11,1.3229360425910329e-11
sub-045,Izquierda_Imaginería,6.59454980063446e-11,3.8515751712624715e-11,1.7119265427738617e-11,1.1045393732943373e-11
sub-045,Derecha_Imaginería,8.45733323168116e-11,5.2407830813815194e-11,1.4835187961592216e-11,1.1013017345715842e-11
sub-046,Izquierda_Real,4.0152227232475684e-11,3.3882457404610233e-11,1.0571948578711398e-11,9.714440173734026e-12
sub-046,Derecha_Real,1.232503564420265e-10,1.3331947423611287e-10,1.7309171286546304e-11,2.058728834409358e-11
sub-046,Izquierda_Imaginería,2.5515567603647585e-11,2.247225073112402e-11,8.30940333213292e-12,8.347181547466508e-12
sub-046,Derecha_Imaginería,2.3410071308418442e-11,2.3563921902981976e-11,7.916837235039174e-12,8.851882607264943e-12
sub-047,Izquierda_Real,5.909145967613403e-12,3.6020158510349763e-12,1.30597890606987e-12,8.578675127197068e-13
sub-047,Derecha_Real,5.864363120278798e-12,3.7361490696151114e-12,1.3058257852435994e-12,8.770079893441251e-13
sub-047,Izquierda_Imaginería,7.2158564120236416e-12,4.8275706175433555e-12,1.4334366062559686e-12,1.0216128733565668e-12
sub-047,Derecha_Imaginería,4.937077426992692e-12,3.2963233999765067e-12,1.3586280835002151e-12,9.349187985039727e-13
sub-048,Izquierda_Real,2.0546938735902852e-10,1.745310342033014e-10,1.8904889254998698e-11,1.6897224345938743e-11
sub-048,Derecha_Real,2.0037884652416717e-10,2.543641649989252e-10,2.0540340593457713e-11,1.7671479589839337e-11
sub-048,Izquierda_Imaginería,2.6316880005094653e-10,2.255997786873157e-10,2.3571705646938217e-11,1.8926663638926347e-11
sub-048,Derecha_Imaginería,2.0146459773235237e-10,2.0836903291339169e-10,2.120089989001324e-11,1.7939671744306026e-11
sub-049,Izquierda_Real,2.1969805804420767e-11,1.3915510733658852e-11,2.9018465548495276e-11,1.3938244073832445e-11
sub-049,Derecha_Real,2.4590175461793032e-11,1.5161398758409154e-11,2.373182495759864e-11,1.6968672560771173e-11
sub-049,Izquierda_Imaginería,2.5185749180195116e-11,1.8344655897126162e-11,3.091665298520043e-11,1.8494637446562227e-11
sub-049,Derecha_Imaginería,2.2564667520803858e-11,1.671757660397299e-11,2.5378709859086466e-11,1.7964680934078367e-11
sub-050,Izquierda_Real,9.60149288338914e-12,6.785641661853276e-12,3.2275392033741737e-12,2.8111282515207923e-12
sub-050,Derecha_Real,8.744356893988937e-12,6.976679242417733e-12,3.201241787509862e-12,3.128880143727226e-12
sub-050,Izquierda_Imaginería,6.558169836059924e-12,4.3886004666713514e-12,3.176444088922713e-12,2.729417703173562e-12
sub-050,Derecha_Imaginería,7.225636709944287e-12,4.919846462229593e-12,3.1559906163375996e-12,2.7541384557313605e-12
sub-051,Izquierda_Real,4.758843593206251e-13,4.377230997439231e-13,2.1315054483479822e-13,1.4786121396615634e-13
sub-051,Derecha_Real,5.519896475845745e-13,4.2705079705395706e-13,2.0638611457843192e-13,1.523035173292081e-13
sub-051,Izquierda_Imaginería,5.526792963946129e-13,4.1919978859937756e-13,2.1449998554325778e-13,1.5322742278977542e-13
sub-051,Derecha_Imaginería,5.849156757978199e-13,4.4260333083975876e-13,2.1696681656953276e-13,1.4657532065060035e-13
sub-052,Izquierda_Real,3.018201385966376e-11,2.6189345677648897e-11,9.174353694827672e-12,6.166304465031025e-12
sub-052,Derecha_Real,4.615434549858158e-11,4.133468160567142e-11,8.577860114325737e-12,6.162604859529909e-12
sub-052,Izquierda_Imaginería,7.797901761336363e-11,4.251716551928285e-11,1.258596839843718e-11,7.458517319713953e-12
sub-052,Derecha_Imaginería,6.120999758181451e-11,4.9863997967551744e-11,1.066278686893501e-11,8.218166169755758e-12
sub-053,Izquierda_Real,4.154674011588203e-11,2.4352350920835858e-11,1.717524338929543e-11,1.338034915307126e-11
sub-053,Derecha_Real,3.865892910048595e-11,2.3098493156329257e-11,1.4673019440554198e-11,1.1064371230213324e-11
sub-053,Izquierda_Imaginería,5.150266480465566e-11,2.3958398372279294e-11,1.8221872596072958e-11,1.2466775507396964e-11
sub-053,Derecha_Imaginería,4.7731771554988406e-11,2.941094106180364e-11,1.5807559628765734e-11,1.234750456305404e-11
sub-054,Izquierda_Real,6.2788701799035e-11,4.730416950504618e-11,9.157957459069694e-12,7.2091751818959356e-12
sub-054,Derecha_Real,5.576501894317674e-11,6.759635540768102e-11,9.40926580407645e-12,8.853676567817558e-12
sub-054,Izquierda_Imaginería,8.75216885535472e-11,5.739574603097656e-11,1.0153115653425388e-11,8.028280818919865e-12
sub-054,Derecha_Imaginería,1.1361823023444778e-10,1.773081610743843e-10,1.1750655709689088e-11,1.1519842061361439e-11
sub-055,Izquierda_Real,2.1271085267725937e-12,2.206758883208056e-12,3.0283617289082723e-13,2.52549628059873e-13
sub-055,Derecha_Real,1.970596279427394e-12,1.6937467146468748e-12,2.6963332373087894e-13,2.3865679126478016e-13
sub-055,Izquierda_Imaginería,2.1010477496361966e-12,1.7913418779298715e-12,3.4065335141679684e-13,2.755595273347402e-13
sub-055,Derecha_Imaginería,1.567267054184414e-12,1.6057288844859205e-12,3.182227237427393e-13,2.8878853536154206e-13
sub-056,Izquierda_Real,1.193496592655934e-10,9.402609746819261e-11,1.702968727438901e-11,1.2275815023405828e-11
sub-056,Derecha_Real,1.4963259977560584e-10,1.1546276841858722e-10,1.6431718404114026e-11,1.4386615848232037e-11
sub-056,Izquierda_Imaginería,1.8846833803264994e-10,1.0251986464612526e-10,1.9201608268590905e-11,1.453302740474162e-11
sub-056,Derecha_Imaginería,1.7477266716404235e-10,1.2723808290805797e-10,1.819341785516126e-11,1.493403947637915e-11
sub-057,Izquierda_Real,2.7697160232363313e-11,2.2392755890792818e-11,1.3315016668523134e-11,9.168885117580184e-12
sub-057,Derecha_Real,5.7702351964287446e-11,5.5323141676722346e-11,1.3929162618756954e-11,1.1451729934956425e-11
sub-057,Izquierda_Imaginería,3.109054146113802e-11,2.212344778322261e-11,1.3980549110397486e-11,1.0634782760245008e-11
sub-057,Derecha_Imaginería,2.6235873550390315e-11,2.288291019137639e-11,1.4024451481107175e-11,1.2930533353566268e-11
sub-058,Izquierda_Real,1.544313147533568e-11,9.934110461665594e-12,1.4041254352024697e-11,1.0608024752317278e-11
sub-058,Derecha_Real,1.4848854868876196e-11,1.0066954929920063e-11,1.0734031404328986e-11,8.820801686149348e-12
sub-058,Izquierda_Imaginería,1.56046437861812e-11,1.0996507581799065e-11,9.82603138381128e-12,8.66556675941124e-12
sub-058,Derecha_Imaginería,1.3075590775606319e-11,1.1425222988616571e-11,9.074707780165669e-12,8.690051339170695e-12
sub-059,Izquierda_Real,3.0026375648578347e-11,2.2623903144421275e-11,1.1843425601919078e-11,8.404478282971657e-12
sub-059,Derecha_Real,3.652922601593315e-11,2.40262171793278e-11,1.1863351323342445e-11,8.492208852170772e-12
sub-059,Izquierda_Imaginería,5.633691839358713e-11,4.019192205719132e-11,1.5145488565337488e-11,9.6718354197688e-12
sub-059,Derecha_Imaginería,4.4090511525530174e-11,2.7659261294430662e-11,1.5287621275837185e-11,9.038702822548996e-12
sub-060,Izquierda_Real,3.511865610116303e-11,2.7269968442602178e-11,1.0145934441965201e-11,7.878844036748594e-12
sub-060,Derecha_Real,4.260162104779705e-11,3.2224220605088963e-11,9.517523379796548e-12,8.316749489494373e-12
sub-060,Izquierda_Imaginería,6.014552023822265e-11,3.0139054516386124e-11,1.3359891668873997e-11,8.689914459035624e-12
sub-060,Derecha_Imaginería,4.459334537860557e-11,5.194945876930755e-11,1.3160370495293895e-11,1.1357893732251988e-11
sub-061,Izquierda_Real,9.70909651559505e-11,9.212100845613199e-11,1.7960494801684592e-11,1.8786171372893844e-11
sub-061,Derecha_Real,8.767647152763224e-11,7.806495833159598e-11,1.8258192628055127e-11,1.9401501364012034e-11
sub-061,Izquierda_Imaginería,1.2318927584321444e-10,1.0239647191407227e-10,2.3201552189295464e-11,2.320639406321825e-11
sub-061,Derecha_Imaginería,1.0621384327467993e-10,1.0472107865168339e-10,2.171824550662934e-11,2.3360262895063965e-11
sub-062,Izquierda_Real,7.189790848624822e-12,6.7718927781538645e-12,1.7872032438482373e-12,1.4484475401731335e-12
sub-062,Derecha_Real,1.411451266114552e-11,1.1928673344564431e-11,3.292346800810622e-12,2.790890409532504e-12
sub-062,Izquierda_Imaginería,9.816127365653091e-12,8.376387969771526e-12,1.7230539800913561e-12,1.4807599663396985e-12
sub-062,Derecha_Imaginería,8.562448713809086e-12,1.181011331481036e-11,1.7505226261621536e-12,1.5575287147504244e-12
sub-063,Izquierda_Real,8.974180443638167e-12,6.973804635422284e-12,4.5602127464577234e-12,3.4052994713480676e-12
sub-063,Derecha_Real,9.206141715957064e-12,7.777370619849527e-12,4.2935758923145e-12,3.2244806701452556e-12
sub-063,Izquierda_Imaginería,8.262849537602872e-12,5.9502467094166674e-12,6.469585979892093e-12,4.593209973400131e-12
sub-063,Derecha_Imaginería,1.452430566567696e-11,6.4752352377576694e-12,8.0047433925059e-12,5.108476215493165e-12
sub-064,Izquierda_Real,2.6215003052617293e-12,1.968456286562708e-12,9.16083376390493e-13,7.601696949671508e-13
sub-064,Derecha_Real,2.817923785660002e-12,2.0842084227268115e-12,7.885806015094575e-13,6.884404084913939e-13
sub-064,Izquierda_Imaginería,2.642011834294085e-12,2.1704748734934413e-12,7.834592128669036e-13,6.263041146374427e-13
sub-064,Derecha_Imaginería,2.450185061320143e-12,1.95103374131323e-12,6.918450155820188e-13,5.809821274989572e-13
sub-065,Izquierda_Real,4.822722693274339e-11,3.703120025057048e-11,8.160009068956494e-12,6.598860555464616e-12
sub-065,Derecha_Real,4.397026767782301e-11,3.4556466750570256e-11,7.552225319207426e-12,7.029983522139481e-12
sub-065,Izquierda_Imaginería,4.416375110585556e-11,3.407718088225823e-11,8.781882206530094e-12,7.131508384099031e-12
sub-065,Derecha_Imaginería,4.700375051836329e-11,3.937856913647785e-11,7.899516352342267e-12,6.824151722776494e-12
sub-066,Izquierda_Real,3.31199950150115e-11,1.669573256893056e-11,5.975295749513956e-12,3.479056310982063e-12
sub-066,Derecha_Real,3.215537169504287e-11,2.0828855349890516e-11,5.13419608361326e-12,3.2088577167252188e-12
sub-066,Izquierda_Imaginería,3.375411687121518e-11,2.1250661210568513e-11,5.088681240112837e-12,3.1449638609226285e-12
sub-066,Derecha_Imaginería,2.94148429147504e-11,2.1380177981065416e-11,5.596492646822654e-12,3.015045636960916e-12
sub-067,Izquierda_Real,2.106761774031579e-12,1.6052506732224269e-12,2.9566626406553745e-12,2.4189941125689007e-12
sub-067,Derecha_Real,1.6414130493351068e-12,2.3924614437243504e-12,1.9936500307908702e-12,2.338183106970623e-12
sub-067,Izquierda_Imaginería,1.9250756660184124e-12,1.3122550006373128e-12,1.7770716450290106e-12,1.4140751170694467e-12
sub-067,Derecha_Imaginería,1.4635522855920852e-12,1.0366265633050554e-12,1.4920532836649313e-12,1.3483291761098925e-12
sub-068,Izquierda_Real,4.0659136280359915e-11,2.359496740288321e-11,1.3401831580128715e-11,1.0082076196702288e-11
sub-068,Derecha_Real,3.427427410744855e-11,2.2452181210395017e-11,1.210869269634567e-11,1.035453975157069e-11
sub-068,Izquierda_Imaginería,3.8945931740483756e-11,2.088295679729818e-11,9.920291276171822e-12,6.982859397373005e-12
sub-068,Derecha_Imaginería,4.4373571140777155e-11,2.688666453443683e-11,9.805601489629026e-12,6.7826649044759455e-12
sub-069,Izquierda_Real,1.1393416322361755e-11,1.18159327899657e-11,4.962601594739293e-12,4.111101366418981e-12
sub-069,Derecha_Real,1.2037027671736742e-11,1.3643384787021371e-11,4.649526121772228e-12,4.299152086446336e-12
sub-069,Izquierda_Imaginería,1.3939361667251458e-11,1.3265701832016325e-11,5.507067265486394e-12,4.340224691119596e-12
sub-069,Derecha_Imaginería,1.542112168705251e-11,1.4948430656309324e-11,6.0731485059184076e-12,4.785795133584251e-12
sub-070,Izquierda_Real,5.5770057751038164e-11,4.136574309545507e-11,1.363970078750388e-11,8.865517574874364e-12
sub-070,Derecha_Real,7.16927477364092e-11,4.746468345816267e-11,1.5468266359498423e-11,9.805226026745563e-12
sub-070,Izquierda_Imaginería,6.766924403755054e-11,4.871066524404356e-11,1.5718010021878426e-11,9.48347122766378e-12
sub-070,Derecha_Imaginería,7.696268795137438e-11,5.3302754277830664e-11,1.513015126741704e-11,9.9298154512218e-12
sub-071,Izquierda_Real,3.693023596659076e-11,2.437787672196464e-11,1.0089803178733691e-11,7.899498737152555e-12
sub-071,Derecha_Real,3.354338098659362e-11,2.6416159440266044e-11,9.50119189488584e-12,7.545362103344e-12
sub-071,Izquierda_Imaginería,3.73129854309757e-11,2.8270683101255062e-11,1.0681800119501572e-11,7.62859138384825e-12
sub-071,Derecha_Imaginería,3.562238037051501e-11,2.3078572485898838e-11,9.69959517641856e-12,7.656741197304934e-12
sub-072,Izquierda_Real,8.592600013726057e-13,6.79323599453803e-13,3.500560476942752e-13,2.5573264964068517e-13
sub-072,Derecha_Real,8.598730954182136e-13,1.0368991197787326e-12,3.6015360872718515e-13,3.0976803229307135e-13
sub-072,Izquierda_Imaginería,1.727984800316185e-12,7.595227442670541e-13,3.747945992090849e-13,2.6676486213454394e-13
sub-072,Derecha_Imaginería,1.0864130711097209e-12,3.2840146028976994e-12,3.5532508167055586e-13,4.217558696938281e-13
sub-073,Izquierda_Real,3.899720290689318e-12,2.791541615305916e-12,1.187162987913373e-12,9.495749955359193e-13
sub-073,Derecha_Real,4.4995480413889996e-12,3.166316938007367e-12,1.3335255936344025e-12,1.0491760282242197e-12
sub-073,Izquierda_Imaginería,5.2159802920103775e-12,3.280716149231381e-12,1.3263908742942431e-12,1.0199325478069014e-12
sub-073,Derecha_Imaginería,4.6433731034495855e-12,3.1238599310703376e-12,1.2274634301468788e-12,1.0860886063412089e-12
sub-074,Izquierda_Real,4.126207956650721e-12,3.1089959718648262e-12,3.299089790399683e-12,1.7097762125380047e-12
sub-074,Derecha_Real,4.3758118703695265e-12,3.7159162112024376e-12,2.692854175349784e-12,1.9576671234870104e-12
sub-074,Izquierda_Imaginería,3.82715048089251e-12,3.0520848982840074e-12,2.9610671236633355e-12,2.208086252054672e-12
sub-074,Derecha_Imaginería,3.871225592414612e-12,4.6333380085874626e-12,2.7318696137667204e-12,2.3298633345247172e-12
sub-075,Izquierda_Real,8.333010356088052e-11,6.259839487682074e-11,2.0275685989516656e-11,1.2460409428342174e-11
sub-075,Derecha_Real,9.16226537447857e-11,6.976990825738922e-11,1.905551477674696e-11,1.2438807572429095e-11
sub-075,Izquierda_Imaginería,1.1389527429604525e-10,7.102611301228642e-11,2.4228463774684795e-11,1.3903538953498072e-11
sub-075,Derecha_Imaginería,1.2546456409387747e-10,9.437604830564664e-11,2.3715158940756446e-11,1.574971592370593e-11
sub-076,Izquierda_Real,2.7206176241064474e-12,2.3811423016842046e-12,2.035169017578676e-12,1.7969133276383907e-12
sub-076,Derecha_Real,2.2503995662925657e-12,1.958367957963923e-12,2.0058001773718846e-12,1.936876149845574e-12
sub-076,Izquierda_Imaginería,2.0476879922403853e-12,1.851839189490982e-12,2.400389749863333e-12,2.105677746925801e-12
sub-076,Derecha_Imaginería,3.016742768851377e-12,2.856802436450482e-12,2.2682635196347566e-12,2.0401194854304738e-12
sub-077,Izquierda_Real,3.587213796338818e-11,2.6794694703755446e-11,1.161386261212278e-11,9.404467162330174e-12
sub-077,Derecha_Real,3.822019032876157e-11,3.192175641410001e-11,1.0467464020166135e-11,9.492212616097828e-12
sub-077,Izquierda_Imaginería,5.3086776466064817e-11,4.180512266857659e-11,1.3816346195452888e-11,1.2522627694884745e-11
sub-077,Derecha_Imaginería,4.582056989164747e-11,3.891427115552729e-11,1.278556378986088e-11,1.0552306433316078e-11
sub-078,Izquierda_Real,2.2724456158416985e-11,2.7359256618040616e-11,3.91197092631774e-12,1.9112969353775317e-12
sub-078,Derecha_Real,1.774080925249443e-11,2.1948648111369094e-11,3.762947691440627e-12,1.9853786493382375e-12
sub-078,Izquierda_Imaginería,2.2107341108779765e-11,2.3035556605923624e-11,2.2209664381419846e-12,1.8040230683700662e-12
sub-078,Derecha_Imaginería,2.4521046258214276e-11,2.8779470214708468e-11,2.8106732238098753e-12,2.2070589161880925e-12
sub-079,Izquierda_Real,9.339779417391005e-11,6.819514725140684e-11,2.4345262784123574e-11,1.7584820098710086e-11
sub-079,Derecha_Real,9.829094398032235e-11,8.64286858692568e-11,2.0193454105002214e-11,1.985702650086207e-11
sub-079,Izquierda_Imaginería,8.750632112220453e-11,6.279389568104985e-11,2.424142956492133e-11,1.7536058902021104e-11
sub-079,Derecha_Imaginería,1.139068398498092e-10,8.421602489722698e-11,3.011659573737609e-11,2.0569957744624127e-11
sub-080,Izquierda_Real,1.4530689794479466e-11,8.97718842481299e-12,6.631689743888451e-12,4.070248267792021e-12
sub-080,Derecha_Real,1.407167250027344e-11,1.0142097655102272e-11,5.926013033307604e-12,4.010209594260877e-12
sub-080,Izquierda_Imaginería,1.4288888701562274e-11,9.680070721139647e-12,6.112782290908601e-12,3.6371158005458836e-12
sub-080,Derecha_Imaginería,1.8361236166054435e-11,1.1520095615036174e-11,5.7414102657660795e-12,3.789696130290464e-12
sub-081,Izquierda_Real,7.237476750939015e-12,6.885868764475536e-12,1.5245804783386534e-12,1.3896223904565784e-12
sub-081,Derecha_Real,7.831710773923405e-12,7.092854364552148e-12,1.6102709528116757e-12,1.4597396943543619e-12
sub-081,Izquierda_Imaginería,9.90673992061132e-12,9.058209087282771e-12,2.1981281846283353e-12,1.880267457752784e-12
sub-081,Derecha_Imaginería,9.107553823971817e-12,8.550234897844442e-12,2.1359723025011518e-12,1.877308368767746e-12
sub-082,Izquierda_Real,4.339325586982175e-11,4.0642184331938405e-11,6.12547097856091e-12,5.47025857586769e-12
sub-082,Derecha_Real,4.1404992804984274e-11,4.99723748232148e-11,5.2258981873914765e-12,5.724039211380926e-12
sub-082,Izquierda_Imaginería,3.963578917457594e-11,4.1730640262651877e-11,5.4918126888346124e-12,5.349277830145422e-12
sub-082,Derecha_Imaginería,3.97096887587719e-11,4.5903282115773096e-11,5.428726134223068e-12,5.8881879306035196e-12
sub-083,Izquierda_Real,4.496102714680374e-11,3.66328601267299e-11,1.4119032907509858e-11,1.051913186289595e-11
sub-083,Derecha_Real,5.7861275872848925e-11,4.895076797967033e-11,1.1817545700018033e-11,9.509040440493271e-12
sub-083,Izquierda_Imaginería,5.911156218012092e-11,4.850442647642816e-11,2.1238758056787105e-11,1.400706925281953e-11
sub-083,Derecha_Imaginería,4.762895463147041e-11,3.9949265634312574e-11,1.874445097950756e-11,1.4777859241754583e-11
sub-084,Izquierda_Real,4.155023277919154e-11,3.584616526780632e-11,6.93440513808635e-12,5.247067005896672e-12
sub-084,Derecha_Real,4.026621794813088e-11,4.1151992825324834e-11,2.0192500003737185e-11,9.89181593998892e-12
sub-084,Izquierda_Imaginería,6.7902576325239e-11,4.7128885693098434e-11,7.491227391833788e-12,5.4879244661640495e-12
sub-084,Derecha_Imaginería,7.345803677246426e-11,8.323474023266798e-11,7.1369414432292295e-12,6.279657017989838e-12
sub-085,Izquierda_Real,7.56909349655732e-12,8.707126755345222e-12,2.514328898609501e-12,2.917266656349972e-12
sub-085,Derecha_Real,7.993448683315795e-12,1.0644432267018244e-11,2.3954154233660106e-12,3.310942933963198e-12
sub-085,Izquierda_Imaginería,1.731328222051646e-11,1.4975079879157972e-11,3.042111654406926e-12,3.288929279447206e-12
sub-085,Derecha_Imaginería,1.5307263427360156e-11,2.9270867147114656e-11,2.814245596658727e-12,4.1894401628196545e-12
sub-086,Izquierda_Real,1.9474644730357788e-11,1.877058941903156e-11,1.0456772133743138e-11,8.747775803865775e-12
sub-086,Derecha_Real,2.2443914415412113e-11,2.052626650630906e-11,8.748097839418739e-12,8.55635287477257e-12
sub-086,Izquierda_Imaginería,2.9448509354080256e-11,2.7691674036176017e-11,7.824515050937836e-12,6.164657943924993e-12
sub-086,Derecha_Imaginería,2.701038910258135e-11,2.59033427016987e-11,5.724169016516073e-12,4.9865441727271975e-12
sub-087,Izquierda_Real,5.1458886555580724e-11,3.427184347622172e-11,1.5929992064290922e-11,1.3622834341951242e-11
sub-087,Derecha_Real,5.2426905963952126e-11,4.2574651525728155e-11,1.6938945534265534e-11,1.2704567403972936e-11
sub-087,Izquierda_Imaginería,5.377376752009006e-11,4.413716262203341e-11,1.692716384915354e-11,1.482212637985859e-11
sub-087,Derecha_Imaginería,4.110060485537533e-11,3.693718000152532e-11,1.481113831941357e-11,1.5259421453799187e-11
sub-088,Izquierda_Real,2.8429019666248548e-11,2.0822571344804228e-11,6.774842862203556e-12,5.286971035775251e-12
sub-088,Derecha_Real,2.875106817890249e-11,2.3822997087266326e-11,7.678701718818654e-12,5.938791511241197e-12
sub-088,Izquierda_Imaginería,2.2947502019806867e-11,1.9118219854874988e-11,9.003800961999828e-12,6.814721806776531e-12
sub-088,Derecha_Imaginería,3.026423262560142e-11,2.0280310163959202e-11,9.080853640893237e-12,6.5474306861749864e-12
sub-089,Izquierda_Real,1.0964810812436402e-12,8.235170834416251e-13,3.9880034230719145e-13,2.754621295517739e-13
sub-089,Derecha_Real,1.006551625283147e-12,7.027272782506497e-13,3.9672120778623827e-13,3.008828880113589e-13
sub-089,Izquierda_Imaginería,1.1326579090373258e-12,8.133156123141992e-13,4.255851654233165e-13,3.043817631934933e-13
sub-089,Derecha_Imaginería,1.1745062488764933e-12,8.808329949552793e-13,4.665234622239057e-13,3.0377668245028016e-13
sub-090,Izquierda_Real,3.662238730019064e-11,2.7001701318234735e-11,1.0124744536741765e-11,6.483557440692626e-12
sub-090,Derecha_Real,3.654687927519883e-11,3.321031578039502e-11,9.61165978231559e-12,7.052150266257387e-12
sub-090,Izquierda_Imaginería,4.4757850869077584e-11,4.306466737402306e-11,1.2719459348047489e-11,7.905109967351103e-12
sub-090,Derecha_Imaginería,3.9267092547550874e-11,4.0709975957423876e-11,1.113644035874852e-11,7.2341051355988835e-12
sub-091,Izquierda_Real,5.05564109494495e-11,3.423934430833059e-11,2.6481744798750464e-11,1.4313461884377431e-11
sub-091,Derecha_Real,6.826915682598083e-11,4.527699248809818e-11,2.7087425479798754e-11,1.6989992808437065e-11
sub-091,Izquierda_Imaginería,5.3076031647713926e-11,3.207775333724608e-11,2.4083259679508843e-11,1.598327297171559e-11
sub-091,Derecha_Imaginería,5.81239746357956e-11,4.208156814621389e-11,2.6191731711896793e-11,1.7695916474251744e-11
sub-092,Izquierda_Real,1.0615118323282012e-10,6.025184647427772e-11,1.7551733125368077e-11,8.459703378035094e-12
sub-092,Derecha_Real,1.0373096673642467e-10,7.368018794581711e-11,1.7252471763536083e-11,8.532559009556268e-12
sub-092,Izquierda_Imaginería,1.423312035084113e-10,1.014982415861479e-10,1.8562295424230736e-11,8.661241946146116e-12
sub-092,Derecha_Imaginería,1.1043841449301594e-10,9.247701027121675e-11,1.8123215747683356e-11,9.710992466421704e-12
sub-093,Izquierda_Real,9.6480643389503e-12,5.2592332829548714e-12,1.832829453457482e-12,1.2811281173307674e-12
sub-093,Derecha_Real,7.007795159744027e-12,6.188876194376021e-12,1.6799395781479396e-12,1.3612558648480487e-12
sub-093,Izquierda_Imaginería,1.0594779285676647e-11,7.312559601835208e-12,1.752875615271553e-12,1.399297940583964e-12
sub-093,Derecha_Imaginería,9.466178861790938e-12,1.140412192666172e-11,2.018854219044594e-12,1.7694742561650053e-12
sub-094,Izquierda_Real,2.565398499505231e-11,2.713479050275278e-11,7.114155843492599e-12,8.283967351019236e-12
sub-094,Derecha_Real,2.955752795743805e-11,3.740353050118801e-11,7.413669685561765e-12,9.68655937146004e-12
sub-094,Izquierda_Imaginería,5.424909263147834e-11,7.167855491841897e-11,9.945612239512113e-12,1.1865484305476644e-11
sub-094,Derecha_Imaginería,4.7140404205386315e-11,7.837653959982921e-11,9.596554347474488e-12,1.517648941983709e-11
sub-095,Izquierda_Real,7.083163937981394e-11,7.097134081802882e-11,2.0348931622028857e-11,1.8107107689909205e-11
sub-095,Derecha_Real,8.646738869135605e-11,8.7467696590363e-11,2.436970631228505e-11,2.0551580178574956e-11
sub-095,Izquierda_Imaginería,5.962563022670148e-11,5.7105998176777894e-11,2.3984275388102303e-11,2.1926793441862586e-11
sub-095,Derecha_Imaginería,5.7454545397618766e-11,5.974032343382028e-11,2.4321834268793954e-11,2.314949699784335e-11
sub-096,Izquierda_Real,5.620531932935838e-11,6.20989567624967e-11,1.9568818307088863e-11,1.9977106482191427e-11
sub-096,Derecha_Real,9.67797353334786e-11,9.218219784148184e-11,2.7824727278349458e-11,3.090373456217509e-11
sub-096,Izquierda_Imaginería,6.53380864053117e-11,7.441372707099493e-11,2.1325965731079983e-11,2.306391435321655e-11
sub-096,Derecha_Imaginería,5.866920568151159e-11,6.101106928983432e-11,1.7842874110419437e-11,1.7438105985718173e-11
sub-097,Izquierda_Real,5.041576452625499e-11,3.602007666491017e-11,1.1957076073374137e-11,9.200166360441624e-12
sub-097,Derecha_Real,3.665756895683734e-11,3.3092239878817154e-11,1.1287648809127775e-11,8.616899429388794e-12
sub-097,Izquierda_Imaginería,3.873951389691918e-11,2.029739260260433e-11,1.050213648478964e-11,7.468262309382071e-12
sub-097,Derecha_Imaginería,5.1133108346905454e-11,3.591154949080018e-11,1.1666591844685499e-11,9.949701993852429e-12
sub-098,Izquierda_Real,9.604699414130044e-12,8.699817834976033e-12,1.1536980433434253e-12,9.56621628499094e-13
sub-098,Derecha_Real,9.14286607855266e-12,9.253282678518089e-12,1.3013200061950526e-12,1.119220048863642e-12
sub-098,Izquierda_Imaginería,1.3581648476349006e-11,1.4865094064104563e-11,1.446279958536854e-12,1.0900334807519734e-12
sub-098,Derecha_Imaginería,1.445006261636204e-11,1.471782582850721e-11,1.4895217242200564e-12,1.1972410917232488e-12
sub-099,Izquierda_Real,1.0155490709368123e-10,5.122420977435755e-11,3.1428751279515235e-11,1.4915374938098725e-11
sub-099,Derecha_Real,1.1406609974617073e-10,6.326254526437986e-11,3.031179523146278e-11,1.4218454819088888e-11
sub-099,Izquierda_Imaginería,1.0952930305015541e-10,6.332729419525413e-11,3.82612297373624e-11,1.837103643713066e-11
sub-099,Derecha_Imaginería,1.0426666299370378e-10,5.35776072167738e-11,3.648276919194479e-11,1.989328569059502e-11
sub-100,Izquierda_Real,2.4719334178268156e-11,2.2555349988620207e-11,5.912857169987296e-12,4.261769943928988e-12
sub-100,Derecha_Real,2.3372223038621008e-11,1.352647288675375e-11,5.480630915660296e-12,4.0015006247410515e-12
sub-100,Izquierda_Imaginería,4.798310515507218e-11,3.8403098263445434e-11,8.07120083342553e-12,6.059459365535999e-12
sub-100,Derecha_Imaginería,4.8728941259152945e-11,4.2576193182759413e-11,9.418702492074878e-12,5.9708805632444525e-12
sub-101,Izquierda_Real,2.3873339777433217e-11,1.6291312965209987e-11,9.076945083138783e-12,7.357705646839506e-12
sub-101,Derecha_Real,2.608388818370371e-11,2.0019458535050912e-11,9.80121529948359e-12,7.436029303281391e-12
sub-101,Izquierda_Imaginería,2.92158687274421e-11,2.1331623804787278e-11,1.1457491390931024e-11,9.603233744019861e-12
sub-101,Derecha_Imaginería,2.6464060770580274e-11,1.816587287539317e-11,1.0897143181553895e-11,9.594079736429243e-12
sub-102,Izquierda_Real,3.5511642419026607e-12,2.4118923011610464e-12,9.662938195392673e-13,7.274755771248144e-13
sub-102,Derecha_Real,3.148233097882709e-12,2.6094281504288405e-12,9.143766869727353e-13,7.610938463776542e-13
sub-102,Izquierda_Imaginería,4.105695553072833e-12,3.0781236233085e-12,9.134036018502687e-13,7.319911282497483e-13
sub-102,Derecha_Imaginería,4.5830888681281306e-12,3.410027851400652e-12,9.741925707962635e-13,8.284201927796654e-13
sub-103,Izquierda_Real,1.1341563316358348e-10,8.477709256467927e-11,2.0970487430751066e-11,1.3110039389876677e-11
sub-103,Derecha_Real,1.1647499634885159e-10,9.029193475291624e-11,1.9806383143615366e-11,1.3464984978761141e-11
sub-103,Izquierda_Imaginería,1.2269224916070614e-10,8.622925891694278e-11,2.0817099149763003e-11,1.383892730961248e-11
sub-103,Derecha_Imaginería,1.088868592380404e-10,9.266854861857209e-11,1.819961816856971e-11,1.3963536936629657e-11
sub-104,Izquierda_Real,3.9505067669734806e-11,4.1593284862509766e-11,5.989342780445033e-12,5.105289454169212e-12
sub-104,Derecha_Real,2.5771212697017504e-11,3.3021054452529046e-11,3.882535346958959e-12,4.1384661772278054e-12
sub-104,Izquierda_Imaginería,1.900507459522685e-11,2.0970596213589354e-11,3.4689085298963397e-12,3.638333465849349e-12
sub-104,Derecha_Imaginería,1.8882825341635677e-11,1.9966224548931473e-11,3.4952941525977673e-12,3.306683623894827e-12
sub-105,Izquierda_Real,1.7002378832705645e-11,1.1335913482169222e-11,3.0593821511269086e-12,2.3754869865420326e-12
sub-105,Derecha_Real,1.783958999985061e-11,1.5561007510032705e-11,2.7210108029300737e-12,2.289750795203262e-12
sub-105,Izquierda_Imaginería,1.7881907778431233e-11,1.3080652500824292e-11,3.0551308653326144e-12,2.6755899108316634e-12
sub-105,Derecha_Imaginería,2.2102520483766875e-11,1.9540970132218047e-11,3.145273247622363e-12,2.777091050817049e-12
sub-106,Izquierda_Real,4.5965462052513084e-11,6.003244163691814e-11,7.45511178048749e-12,7.121782092964409e-12
sub-106,Derecha_Real,3.2224800606603795e-11,4.75722447172152e-11,7.878344748282194e-12,8.339656016423197e-12
sub-106,Izquierda_Imaginería,3.912705914060462e-11,4.461904976359441e-11,7.338808385840886e-12,6.846702295766438e-12
sub-106,Derecha_Imaginería,3.9344560937586405e-11,6.143061290381773e-11,6.962608143783925e-12,6.9739304826283366e-12
sub-107,Izquierda_Real,1.0456470194086904e-10,6.072928890997029e-11,1.652972307712641e-11,1.0376977270432615e-11
sub-107,Derecha_Real,1.1016270002417855e-10,6.532844181035278e-11,1.6485014159837435e-11,1.32599384899072e-11
sub-107,Izquierda_Imaginería,9.802471638091613e-11,6.271701128350694e-11,1.3592896637831325e-11,9.121891035435895e-12
sub-107,Derecha_Imaginería,8.758973420750076e-11,5.6920894083518844e-11,1.2439925580470668e-11,8.617216070223775e-12
sub-108,Izquierda_Real,3.6444869057471706e-11,2.9507558969357007e-11,7.459458140285786e-12,5.5258918525460396e-12
sub-108,Derecha_Real,2.8901350364277287e-11,2.581935798976932e-11,7.85416543117185e-12,6.337555736095782e-12
sub-108,Izquierda_Imaginería,4.6807507974867656e-11,3.3962554312228666e-11,1.0998846000143894e-11,7.340057659910388e-12
sub-108,Derecha_Imaginería,3.770779024898606e-11,4.55898571678911e-11,1.020777299024795e-11,7.0321001227168324e-12
sub-109,Izquierda_Real,1.1554372389696175e-11,1.743650805014281e-09,4.225317164736599e-12,5.225978210801998e-10
sub-109,Derecha_Real,1.435598415300254e-11,1.886208062693317e-09,5.21288191125776e-12,4.92019375172309e-10
sub-109,Izquierda_Imaginería,1.5972644371700945e-11,1.9156850596376886e-09,4.809503506591321e-12,5.016536685921586e-10
sub-109,Derecha_Imaginería,1.357470101214066e-11,1.9683099171656874e-09,4.658040359535494e-12,5.146594420586437e-10
